N,live_expert_target,no_pf_median_ms,n256pf_median_ms,n256pf_speedup_pct
8,8,0.509952,0.514048,-0.7968
8,64,0.733184,0.733216,-0.0044
256,128,11.204576,11.220960,-0.1460
256,384,13.958912,13.944800,0.1012
512,128,22.454241,22.468609,-0.0639
512,384,25.919456,25.910273,0.0354
