sequence,gpu,model,activation,batch_size,max_tokens,prompt_tokens,output_tokens,finish_reason,stop_reason,model_load_s,generation_wall_s,aggregate_output_tok_s
0,NVIDIA RTX PRO 6000 Blackwell Server Edition,nvidia/Gemma-4-26B-A4B-NVFP4,gelu_tanh,8,8192,155,8192,length,,17.691010804999678,156.48565632500004,418.79876749783625
1,NVIDIA RTX PRO 6000 Blackwell Server Edition,nvidia/Gemma-4-26B-A4B-NVFP4,gelu_tanh,8,8192,155,8192,length,,17.691010804999678,156.48565632500004,418.79876749783625
2,NVIDIA RTX PRO 6000 Blackwell Server Edition,nvidia/Gemma-4-26B-A4B-NVFP4,gelu_tanh,8,8192,155,8192,length,,17.691010804999678,156.48565632500004,418.79876749783625
3,NVIDIA RTX PRO 6000 Blackwell Server Edition,nvidia/Gemma-4-26B-A4B-NVFP4,gelu_tanh,8,8192,155,8192,length,,17.691010804999678,156.48565632500004,418.79876749783625
4,NVIDIA RTX PRO 6000 Blackwell Server Edition,nvidia/Gemma-4-26B-A4B-NVFP4,gelu_tanh,8,8192,155,8192,length,,17.691010804999678,156.48565632500004,418.79876749783625
5,NVIDIA RTX PRO 6000 Blackwell Server Edition,nvidia/Gemma-4-26B-A4B-NVFP4,gelu_tanh,8,8192,155,8192,length,,17.691010804999678,156.48565632500004,418.79876749783625
6,NVIDIA RTX PRO 6000 Blackwell Server Edition,nvidia/Gemma-4-26B-A4B-NVFP4,gelu_tanh,8,8192,155,8192,length,,17.691010804999678,156.48565632500004,418.79876749783625
7,NVIDIA RTX PRO 6000 Blackwell Server Edition,nvidia/Gemma-4-26B-A4B-NVFP4,gelu_tanh,8,8192,155,8192,length,,17.691010804999678,156.48565632500004,418.79876749783625
